run_id,swept_param,swept_value,obs_mode,resample_method,event_start,event_end,obs_peak_m3s,sim_peak_m3s,peak_error_m3s,peak_error_pct,obs_peak_time,sim_peak_time,peak_timing_error_hr,obs_volume_m3,sim_volume_m3,volume_error_pct,rmse_m3s,nse,pbias_pct,kge,kge_r,kge_alpha,kge_beta,kge_gamma,kge_2012,threshold_m3s,first_arrival_error_min,rising_limb_steepness_ratio,time_to_peak_from_exc_min,duration_above_thresh_error_min,recession_rate_ratio,Ks_mult,f_RS_abs,As_value,Au_value,thetaS_mult,optpercolation,channelconductivity_mmhr,channelporosity,kinemvelcoef,flowexp,channelroughness,channelwidthcoeff,design_label,qout_kept
SMF_20140812_110_cc43p175572_ms2on,channelconductivity_mmhr,43.175572077824896,synth,interpolate,2014-08-12 16:00,2014-08-13 12:00,66.0736,69.2881,3.214500000000001,4.865029300658661,2014-08-12 18:45:00,2014-08-12 18:45:00,0.0,138164.11,157073.43,13.686130211384134,3.39476799066552,0.8575713335502346,13.686130211384125,0.8110243103469043,0.9427613438345764,1.1170663551322215,1.1368613021138412,0.9825880721379,0.8506331529160682,3.30368,-10.0,0.7008072231625169,10.0,5.0,1.1617390921625972,3.373785246311297,0.000547280726101,1.0,1.0,1.0,1,43.175572077824896,0.4,4.5,0.24,0.026,2.33,ms2,True
SMF_20140812_110_cc613p924624_ms2on,channelconductivity_mmhr,613.9246244658469,synth,interpolate,2014-08-12 16:00,2014-08-13 12:00,66.0736,78.0613,11.987700000000004,18.14294968035646,2014-08-12 18:45:00,2014-08-12 18:45:00,0.0,138164.11,186433.67000000004,34.93639556611342,5.825073534755695,0.5806467286049728,34.936395566113376,0.4990072463877473,0.8892446089239705,1.341572553060676,1.349363955661134,0.9942258702199877,0.6334549540065839,3.30368,-10.0,0.7939856117919751,10.0,-5.0,1.2380140031298077,1.6848684014529682,0.0010561309494976,1.0,1.0,1.0,1,613.9246244658469,0.4,4.5,0.24,0.026,2.33,ms2,True
SMF_20140812_110_cc293p389901_ms2on,channelconductivity_mmhr,293.3899007022628,synth,interpolate,2014-08-12 16:00,2014-08-13 12:00,66.0736,73.7865,7.712900000000005,11.673194740410702,2014-08-12 18:45:00,2014-08-12 18:45:00,0.0,138164.11,168816.34,22.18537795379713,4.471614853500891,0.752881083502583,22.18537795379712,0.6779214409285291,0.9192402667240328,1.2190738784051325,1.2218537795379714,0.9977248495856108,0.763893222622695,3.30368,-10.0,0.7485838227397241,10.0,0.0,1.2337783006374865,2.5379043870042683,0.000589796489028,1.0,1.0,1.0,1,293.3899007022628,0.4,4.5,0.24,0.026,2.33,ms2,True
SMF_20140812_110_cc128p98159_ms2on,channelconductivity_mmhr,128.98158968686835,synth,interpolate,2014-08-12 16:00,2014-08-13 12:00,66.0736,61.2896,-4.783999999999999,-7.240410693529638,2014-08-12 18:45:00,2014-08-12 18:45:00,0.0,138164.11,131462.66,-4.850355132023783,2.3652108855406024,0.930861978209035,-4.850355132023791,0.9280704037873416,0.9648784811860962,0.9601534036981108,0.9514964486797622,1.009098252579251,0.93942860597224,3.30368,-5.0,0.7390281204755399,5.0,-5.0,1.1028704332672206,4.139346218875107,0.000528889938052,1.0,1.0,1.0,1,128.98158968686835,0.4,4.5,0.24,0.026,2.33,ms2,True
SMF_20140812_110_cc98p818569_ms2on,channelconductivity_mmhr,98.81856876148768,synth,interpolate,2014-08-12 16:00,2014-08-13 12:00,66.0736,82.6216,16.548000000000002,25.044798527702444,2014-08-12 18:45:00,2014-08-12 18:45:00,0.0,138164.11,206393.87,49.38312851289674,6.362288129234689,0.4997306714108982,49.38312851289673,0.3367993034443077,0.8934545918147019,1.4296671988114242,1.4938312851289677,0.9570473004841348,0.4929830411384649,3.30368,-15.0,0.7220739761064808,15.0,10.0,1.172983899197095,1.8380569850995176,0.0012725163528879,1.0,1.0,1.0,1,98.81856876148768,0.4,4.5,0.24,0.026,2.33,ms2,True
SMF_20140812_110_cc431p18316_ms2on,channelconductivity_mmhr,431.1831595643274,synth,interpolate,2014-08-12 16:00,2014-08-13 12:00,66.0736,78.2625,12.188900000000004,18.44745859163116,2014-08-12 18:45:00,2014-08-12 18:45:00,0.0,138164.11,185020.88,33.91385070985511,5.5759611691340805,0.6157475083719843,33.91385070985511,0.5162718481447963,0.8983057931606132,1.3296001914373303,1.339138507098551,0.9928772747474144,0.6458709671366244,3.30368,-10.0,0.7961225164324993,10.0,0.0,1.299401871137914,1.906405681633777,0.0004965556942132,1.0,1.0,1.0,1,431.1831595643274,0.4,4.5,0.24,0.026,2.33,ms2,True
SMF_20140812_110_cc96p141069_ms2on,channelconductivity_mmhr,96.14106874520915,synth,interpolate,2014-08-12 16:00,2014-08-13 12:00,66.0736,70.5711,4.497500000000002,6.806803322355679,2014-08-12 18:45:00,2014-08-12 18:45:00,0.0,138164.11,158769.53,14.913728319170596,3.661113172016482,0.8343453928625042,14.913728319170586,0.7861259214953574,0.9362789448165754,1.1394267526148332,1.149137283191706,0.9915497210656136,0.8376001560174362,3.30368,-10.0,0.714433707525303,10.0,0.0,1.1485129664543576,3.168522985301744,0.0003070803536595,1.0,1.0,1.0,1,96.14106874520915,0.4,4.5,0.24,0.026,2.33,ms2,True
SMF_20140812_110_cc62p581577_ms2on,channelconductivity_mmhr,62.58157746189704,synth,interpolate,2014-08-12 16:00,2014-08-13 12:00,66.0736,71.4224,5.348799999999997,8.095215032932968,2014-08-12 18:45:00,2014-08-12 18:45:00,0.0,138164.11,164706.46,19.210741487062023,3.94484207069728,0.8076746846107312,19.210741487062013,0.7339865142078834,0.9309892994053292,1.1705738519774724,1.1921074148706203,0.9819365582123444,0.7950755661858353,3.30368,-10.0,0.7234751932135647,10.0,5.0,1.1833447626428502,3.0372381077953907,0.0003693149844981,1.0,1.0,1.0,1,62.58157746189704,0.4,4.5,0.24,0.026,2.33,ms2,True
SMF_20140812_110_cc375p337897_ms2on,channelconductivity_mmhr,375.3378968737906,synth,interpolate,2014-08-12 16:00,2014-08-13 12:00,66.0736,74.5206,8.447000000000003,12.784228496706708,2014-08-12 18:45:00,2014-08-12 18:45:00,0.0,138164.11,171684.16,24.26104000525174,4.753883701916386,0.7206978254473642,24.26104000525173,0.6466795636059506,0.9120253193096368,1.2413213213072307,1.242610400052517,0.9989626042521196,0.7419294149924258,3.30368,-10.0,0.7563805508540822,10.0,0.0,1.2750792882924094,2.327729239350792,0.0004815497649744,1.0,1.0,1.0,1,375.3378968737906,0.4,4.5,0.24,0.026,2.33,ms2,True
SMF_20140812_110_cc537p406414_ms2on,channelconductivity_mmhr,537.4064139967132,synth,interpolate,2014-08-12 16:00,2014-08-13 12:00,66.0736,73.7536,7.680000000000007,11.623401782254952,2014-08-12 18:45:00,2014-08-12 18:45:00,0.0,138164.11,167558.40999999997,21.27491719810593,4.687713677486406,0.7284190108806585,21.27491719810593,0.6777871648303224,0.9106159654112428,1.2248764001181345,1.2127491719810592,1.0099997826568416,0.7690201059157431,3.30368,-10.0,0.7482343984719646,10.0,-5.0,1.2261346874939216,2.261361936089239,0.0007748423807561,1.0,1.0,1.0,1,537.4064139967132,0.4,4.5,0.24,0.026,2.33,ms2,True
SMF_20140812_110_cc185p14157_ms2on,channelconductivity_mmhr,185.14157030457372,synth,interpolate,2014-08-12 16:00,2014-08-13 12:00,66.0736,69.7498,3.6761999999999935,5.563795524990305,2014-08-12 18:45:00,2014-08-12 18:45:00,0.0,138164.11,154797.28999999998,12.038712513691143,3.5477199801306423,0.8444478999828583,12.038712513691149,0.816640504029422,0.9378618958687712,1.123557682395028,1.1203871251369115,1.0028298765551495,0.8644927600271071,3.30368,-10.0,0.7057108457894057,10.0,0.0,1.183263859643774,3.2234777905637904,0.0009182288774499,1.0,1.0,1.0,1,185.14157030457372,0.4,4.5,0.24,0.026,2.33,ms2,True
SMF_20140812_110_cc38p220715_ms2on,channelconductivity_mmhr,38.22071541136745,synth,interpolate,2014-08-12 16:00,2014-08-13 12:00,66.0736,66.9463,0.8726999999999947,1.3207998353351336,2014-08-12 18:45:00,2014-08-12 18:45:00,0.0,138164.11,149394.96,8.128630510484964,3.005340364601763,0.8883742114882304,8.128630510484959,0.8823390787703208,0.9501482404728896,1.068930624972281,1.0812863051048496,0.9885731650588412,0.9039623309199978,3.30368,-10.0,0.6759354374409483,10.0,0.0,1.112020356365082,3.6656183320691023,0.0004507381273601,1.0,1.0,1.0,1,38.22071541136745,0.4,4.5,0.24,0.026,2.33,ms2,True
SMF_20140812_110_cc257p788914_ms2on,channelconductivity_mmhr,257.7889143823972,synth,interpolate,2014-08-12 16:00,2014-08-13 12:00,66.0736,72.2037,6.130099999999999,9.277684279349089,2014-08-12 18:45:00,2014-08-12 18:45:00,0.0,138164.11,163064.84999999998,18.02258198601648,4.067804899157751,0.7954980558941827,18.02258198601648,0.7344431998078899,0.9279632092594812,1.1812450516946886,1.180225819860165,1.0008635905242649,0.8059088071213546,3.30368,-10.0,0.731773223012976,10.0,0.0,1.2118870442753122,2.8521901882893617,0.0013549831101172,1.0,1.0,1.0,1,257.7889143823972,0.4,4.5,0.24,0.026,2.33,ms2,True
SMF_20140812_110_cc218p388014_ms2on,channelconductivity_mmhr,218.3880138861314,synth,interpolate,2014-08-12 16:00,2014-08-13 12:00,66.0736,72.9035,6.829899999999995,10.336806228206116,2014-08-12 18:45:00,2014-08-12 18:45:00,0.0,138164.11,166387.22,20.42723685622845,4.246223450814949,0.7771652592280514,20.427236856228436,0.70444514246895,0.9245663869811516,1.19983804262221,1.2042723685622845,0.9963178380108744,0.782213432810843,3.30368,-10.0,0.7392056577417974,10.0,0.0,1.2067676655670283,2.738919174853688,0.0007062242429817,1.0,1.0,1.0,1,218.3880138861314,0.4,4.5,0.24,0.026,2.33,ms2,True
SMF_20140812_110_cc365p898509_ms2on,channelconductivity_mmhr,365.89850907911983,synth,interpolate,2014-08-12 16:00,2014-08-13 12:00,66.0736,80.7503,14.676699999999997,22.21265376791941,2014-08-12 18:45:00,2014-08-12 18:45:00,0.0,138164.11,198816.77,43.89899808278723,6.306099791101807,0.5085278772071216,43.8989980827872,0.3928568228022125,0.8860664224567033,1.4036456047806714,1.438989980827872,0.975438066617485,0.5458014179562456,3.30368,-15.0,0.7050385189047784,15.0,5.0,1.2475412534805543,1.6429298959955692,0.0004612970119304,1.0,1.0,1.0,1,365.89850907911983,0.4,4.5,0.24,0.026,2.33,ms2,True
SMF_20140812_110_cc199p50828_ms2on,channelconductivity_mmhr,199.5082796228085,synth,interpolate,2014-08-12 16:00,2014-08-13 12:00,66.0736,82.063,15.989400000000003,24.199377663696247,2014-08-12 18:45:00,2014-08-12 18:45:00,0.0,138164.11,205839.66,48.982004081957335,6.510357742350573,0.4761741599882654,48.98200408195732,0.3357433443821267,0.8868760498173331,1.4341845276368366,1.4898200408195734,0.9626562191013815,0.4959015389180174,3.30368,-15.0,0.7169887378267443,15.0,10.0,1.2270741933339118,1.7047088673943824,0.0010404485082688,1.0,1.0,1.0,1,199.5082796228085,0.4,4.5,0.24,0.026,2.33,ms2,True
SMF_20140812_110_cc79p795544_ms2on,channelconductivity_mmhr,79.7955435397281,synth,interpolate,2014-08-12 16:00,2014-08-13 12:00,66.0736,67.6912,1.617599999999996,2.448179000387441,2014-08-12 18:45:00,2014-08-12 18:45:00,0.0,138164.11,150453.01,8.894422726712476,3.170019688579919,0.875805852683096,8.894422726712458,0.8666383245056688,0.9460654107069528,1.0834584986942593,1.0889442272671248,0.9949623420231236,0.8958587810506925,3.30368,-10.0,0.6838468701781575,10.0,0.0,1.1346969603279289,3.5218575959436165,0.0003391601880369,1.0,1.0,1.0,1,79.7955435397281,0.4,4.5,0.24,0.026,2.33,ms2,True
SMF_20140812_110_cc75p162101_ms2on,channelconductivity_mmhr,75.16210126116545,synth,interpolate,2014-08-12 16:00,2014-08-13 12:00,66.0736,79.6735,13.599900000000003,20.58295597636576,2014-08-12 18:45:00,2014-08-12 18:45:00,0.0,138164.11,196633.9,42.31908706247957,5.837347027205975,0.5788777032021978,42.31908706247955,0.4294467471991833,0.8989030630484917,1.369079816083788,1.4231908706247958,0.961979060112118,0.5632429788645548,3.30368,-15.0,0.6952358254217489,15.0,10.0,1.1809168584466294,2.09633824944243,0.0003923777224678,1.0,1.0,1.0,1,75.16210126116545,0.4,4.5,0.24,0.026,2.33,ms2,True
SMF_20140812_110_cc36p81075_ms2on,channelconductivity_mmhr,36.81074952624017,synth,interpolate,2014-08-12 16:00,2014-08-13 12:00,66.0736,78.1814,12.107799999999996,18.32471667958156,2014-08-12 18:45:00,2014-08-12 18:45:00,0.0,138164.11,190637.78,37.97923353611876,5.3392554524074525,0.6476789345927372,37.97923353611876,0.4924969092348369,0.9090869635318504,1.3241172456646353,1.3797923353611876,0.9596496601193408,0.6073989962729991,3.30368,-10.0,0.7952611696812741,10.0,5.0,1.1532256868196051,2.3531908628052087,0.0011370231639487,1.0,1.0,1.0,1,36.81074952624017,0.4,4.5,0.24,0.026,2.33,ms2,True
SMF_20140812_110_cc45p513084_ms2on,channelconductivity_mmhr,45.51308378476676,synth,interpolate,2014-08-12 16:00,2014-08-13 12:00,66.0736,74.4067,8.333100000000002,12.611844972878734,2014-08-12 18:45:00,2014-08-12 18:45:00,0.0,138164.11,175612.91999999998,27.104585988358338,4.480289762512748,0.75192133468592,27.104585988358338,0.6323757448131495,0.9235959263225548,1.236313673677904,1.2710458598835834,0.9726743248989768,0.7170686776720077,3.30368,-10.0,0.7551708419149384,10.0,5.0,1.1683434766405896,2.7597319353925984,0.0008119945897277,1.0,1.0,1.0,1,45.51308378476676,0.4,4.5,0.24,0.026,2.33,ms2,True
SMF_20140812_110_cc345p785717_ms2on,channelconductivity_mmhr,345.7857173410925,synth,interpolate,2014-08-12 16:00,2014-08-13 12:00,66.0736,61.3745,-4.699100000000001,-7.111917619139871,2014-08-12 18:45:00,2014-08-12 18:45:00,0.0,138164.11,126812.72,-8.21587458566483,2.446335267289864,0.9260379119202408,-8.215874585664828,0.8965652011379516,0.9625549547024166,0.949536481716422,0.9178412541433516,1.034532363227291,0.9033321405629722,3.30368,-5.0,0.7401101674177696,5.0,-5.0,1.2206283166780167,3.934124775198749,0.0007291449492011,1.0,1.0,1.0,1,345.7857173410925,0.4,4.5,0.24,0.026,2.33,ms2,True
SMF_20140812_110_cc131p499604_ms2on,channelconductivity_mmhr,131.4996044369582,synth,interpolate,2014-08-12 16:00,2014-08-13 12:00,66.0736,62.2999,-3.773699999999998,-5.711358242929094,2014-08-12 18:45:00,2014-08-12 18:45:00,0.0,138164.11,134926.41,-2.3433726747126897,2.533935865792623,0.9206460685055364,-2.343372674712704,0.9505134651140388,0.9598001402753076,0.9831551531952498,0.9765662732528732,1.0067469869919117,0.9529820236014672,3.30368,-5.0,0.7519043516384918,5.0,-5.0,1.1171936554804005,4.009995410123755,0.0004251391379415,1.0,1.0,1.0,1,131.4996044369582,0.4,4.5,0.24,0.026,2.33,ms2,True
SMF_20140812_110_cc826p817332_ms2on,channelconductivity_mmhr,826.817331936596,synth,interpolate,2014-08-12 16:00,2014-08-13 12:00,66.0736,50.757,-15.3166,-23.181119236729952,2014-08-12 18:45:00,2014-08-12 18:45:00,0.0,138164.11,93020.76,-32.67371678506088,2.8026506772229927,0.9029232670231444,-32.67371678506089,0.5822399108979315,0.983266989893668,0.7402187043601625,0.6732628321493911,1.0994498270415654,0.6580534565449552,3.30368,0.0,0.7559882185607373,0.0,-15.0,1.2031266540820356,4.455726503676799,0.0003321834718873,1.0,1.0,1.0,1,826.817331936596,0.4,4.5,0.24,0.026,2.33,ms2,True
SMF_20140812_110_cc174p280358_ms2on,channelconductivity_mmhr,174.28035762816174,synth,interpolate,2014-08-12 16:00,2014-08-13 12:00,66.0736,83.8312,17.757599999999996,26.87548430840759,2014-08-12 18:45:00,2014-08-12 18:45:00,0.0,138164.11,213168.16999999995,54.28621079671123,6.9041484570265474,0.4108885640186397,54.286210796711245,0.268980706533712,0.8812804744449669,1.4749690657352774,1.542862107967112,0.955995392017702,0.4425683902592315,3.30368,-15.0,0.733085619900196,15.0,10.0,1.2076692002521667,1.5386978024277982,0.0004317117543134,1.0,1.0,1.0,1,174.28035762816174,0.4,4.5,0.24,0.026,2.33,ms2,True
SMF_20140812_110_cc757p007599_ms2on,channelconductivity_mmhr,757.0075993598947,synth,interpolate,2014-08-12 16:00,2014-08-13 12:00,66.0736,57.5163,-8.557299999999998,-12.95116355094924,2014-08-12 18:45:00,2014-08-12 18:45:00,0.0,138164.11,111553.62,-19.260059649354663,2.482589643226896,0.9238294503485852,-19.26005964935467,0.7642498374097348,0.96711457527293,0.8680845034418374,0.8073994035064532,1.075161189953615,0.7906542443602134,3.30368,-5.0,0.6909375700972695,5.0,-10.0,1.2505609100789896,3.864416405196512,0.0004114661015333,1.0,1.0,1.0,1,757.0075993598947,0.4,4.5,0.24,0.026,2.33,ms2,True
SMF_20140812_110_cc55p43521_ms2on,channelconductivity_mmhr,55.43521000651205,synth,interpolate,2014-08-12 16:00,2014-08-13 12:00,66.0736,80.7728,14.699200000000005,22.24670670282837,2014-08-12 18:45:00,2014-08-12 18:45:00,0.0,138164.11,200801.99,45.335854586259785,6.012800589147304,0.5531818430090676,45.33585458625978,0.392503446487367,0.8977611935322436,1.3912356296084585,1.4533585458625975,0.957255615669657,0.5332947107152304,3.30368,-15.0,0.7052433485884413,15.0,10.0,1.1654947749613878,2.018539901211629,0.0005089044792071,1.0,1.0,1.0,1,55.43521000651205,0.4,4.5,0.24,0.026,2.33,ms2,True
SMF_20140812_110_cc104p175907_ms2on,channelconductivity_mmhr,104.17590652922172,synth,interpolate,2014-08-12 16:00,2014-08-13 12:00,66.0736,61.0711,-5.002499999999998,-7.5711025280898845,2014-08-12 18:45:00,2014-08-12 18:45:00,0.0,138164.11,131582.19,-4.763842071577043,2.2659226174214337,0.936544779193376,-4.763842071577056,0.9279306821016272,0.96787218282431,0.9564986113144718,0.9523615792842296,1.0043439719957534,0.9423763429009646,3.30368,-5.0,0.7362433471318747,5.0,-5.0,1.073582629215216,4.235258268931317,0.0009856517225876,1.0,1.0,1.0,1,104.17590652922172,0.4,4.5,0.24,0.026,2.33,ms2,True
SMF_20140812_110_cc484p56338_ms2on,channelconductivity_mmhr,484.5633796474084,synth,interpolate,2014-08-12 16:00,2014-08-13 12:00,66.0736,67.3179,1.2442999999999955,1.883202973653616,2014-08-12 18:45:00,2014-08-12 18:45:00,0.0,138164.11,143946.56999999998,4.185211340340116,3.3508642052435493,0.8612315084269726,4.185211340340123,0.8951976598270079,0.937895917384577,1.0733144871897848,1.0418521134034011,1.030198502629712,0.9192505973092608,3.30368,-10.0,0.6798821261309025,10.0,-5.0,1.2040213869598029,3.098375486621711,0.0006924744732715,1.0,1.0,1.0,1,484.5633796474084,0.4,4.5,0.24,0.026,2.33,ms2,True
SMF_20140812_110_cc144p713227_ms2on,channelconductivity_mmhr,144.7132274220022,synth,interpolate,2014-08-12 16:00,2014-08-13 12:00,66.0736,59.9256,-6.147999999999996,-9.304775280898872,2014-08-12 18:45:00,2014-08-12 18:45:00,0.0,138164.11,128122.22,-7.268088651966119,2.250638696669472,0.937397918395498,-7.268088651966129,0.8986578143265482,0.9688527021459352,0.9366156709574148,0.9273191134803388,1.0100251977360686,0.9202932247638824,3.30368,-5.0,0.7216439976345358,5.0,-5.0,1.0890578348187665,4.183242542829602,0.0003474283281073,1.0,1.0,1.0,1,144.7132274220022,0.4,4.5,0.24,0.026,2.33,ms2,True
SMF_20140812_110_cc946p908552_ms2on,channelconductivity_mmhr,946.908551614567,synth,interpolate,2014-08-12 16:00,2014-08-13 12:00,66.0736,62.7691,-3.3044999999999973,-5.001241040294455,2014-08-12 18:45:00,2014-08-12 18:45:00,0.0,138164.11,125090.11,-9.462660020753573,2.9501836953551432,0.8924339235026747,-9.46266002075358,0.8867284056915402,0.9452356694082038,0.970383641257306,0.9053733997924642,1.0718048945106446,0.8691975984636018,3.30368,-5.0,0.7578842859764677,5.0,-10.0,1.394829036209725,3.116291267906908,0.0009397356177717,1.0,1.0,1.0,1,946.908551614567,0.4,4.5,0.24,0.026,2.33,ms2,True
SMF_20140812_110_cc404p921307_ms2on,channelconductivity_mmhr,404.9213070673208,synth,interpolate,2014-08-12 16:00,2014-08-13 12:00,66.0736,64.6017,-1.471900000000005,-2.227667328554832,2014-08-12 18:45:00,2014-08-12 18:45:00,0.0,138164.11,134631.41999999998,-2.5568796411745445,2.7335530381364856,0.9076509950206006,-2.5568796411745454,0.947062997740448,0.9541887979414788,1.007063754259307,0.9744312035882544,1.0334888194783645,0.9377590921174312,3.30368,-5.0,0.7812406961805909,5.0,-5.0,1.261146964960591,3.591633909802892,0.0011441709703399,1.0,1.0,1.0,1,404.9213070673208,0.4,4.5,0.24,0.026,2.33,ms2,True
SMF_20140812_110_cc682p105123_ms2on,channelconductivity_mmhr,682.1051234367447,synth,interpolate,2014-08-12 16:00,2014-08-13 12:00,66.0736,63.2651,-2.808500000000002,-4.250563008523831,2014-08-12 18:45:00,2014-08-12 18:45:00,0.0,138164.11,128287.31,-7.148600313062479,2.830785465054799,0.9009644483695308,-7.148600313062486,0.9104761233011316,0.9498053316320536,0.9803844163218536,0.9285139968693752,1.0558639068741746,0.8963152399462376,3.30368,-5.0,0.7642057851913783,5.0,-10.0,1.2709058281754184,3.3064960752667734,0.0003179698638161,1.0,1.0,1.0,1,682.1051234367447,0.4,4.5,0.24,0.026,2.33,ms2,True
SMF_20140812_110_cc40p214395_ms2on,channelconductivity_mmhr,40.214394879186045,synth,interpolate,2014-08-12 16:00,2014-08-13 12:00,66.0736,64.2443,-1.8293000000000037,-2.7685792812863284,2014-08-12 18:45:00,2014-08-12 18:45:00,0.0,138164.11,142998.17,3.498781268160036,2.711597536729725,0.9091285051414686,3.4987812681600143,0.9385596631376608,0.9559891648942604,1.024775277007742,1.0349878126816003,0.9901326995847438,0.9429170405424504,3.30368,-10.0,0.647238040131324,10.0,0.0,1.0878506204699672,3.956987624180466,0.000650918741476,1.0,1.0,1.0,1,40.214394879186045,0.4,4.5,0.24,0.026,2.33,ms2,True
SMF_20140812_110_cc226p576164_ms2on,channelconductivity_mmhr,226.5761637463428,synth,interpolate,2014-08-12 16:00,2014-08-13 12:00,66.0736,77.6002,11.526600000000002,17.44509153428904,2014-08-12 18:45:00,2014-08-12 18:45:00,0.0,138164.11,185710.44,34.4129383528038,5.380925807759931,0.6421580770174146,34.41293835280378,0.5222692088619962,0.904411685090764,1.3172767723089231,1.344129383528038,0.9800223017603912,0.6422832587346133,3.30368,-10.0,0.7890883616441337,10.0,0.0,1.1998742860164773,2.1911380806635417,0.0010162068606375,1.0,1.0,1.0,1,226.5761637463428,0.4,4.5,0.24,0.026,2.33,ms2,True
SMF_20140812_110_cc33p283893_ms2on,channelconductivity_mmhr,33.28389338580924,synth,interpolate,2014-08-12 16:00,2014-08-13 12:00,66.0736,60.5277,-5.545899999999996,-8.393518742735367,2014-08-12 18:45:00,2014-08-12 18:45:00,0.0,138164.11,131560.93000000002,-4.779229569820965,2.102047847409408,0.9453912286232072,-4.779229569820987,0.9205164260004596,0.9728355255154002,0.942592454035982,0.9522077043017902,0.9899021503161868,0.9441074354643976,3.30368,-5.0,0.729317736903281,5.0,0.0,1.0899395484083452,4.378437059797645,0.0008182727925559,1.0,1.0,1.0,1,33.28389338580924,0.4,4.5,0.24,0.026,2.33,ms2,True
SMF_20140812_110_cc571p473797_ms2on,channelconductivity_mmhr,571.4737969917375,synth,interpolate,2014-08-12 16:00,2014-08-13 12:00,66.0736,68.3435,2.269900000000007,3.4354114199922616,2014-08-12 18:45:00,2014-08-12 18:45:00,0.0,138164.11,146916.38,6.334691404301754,3.544574998279462,0.844723565310157,6.33469140430174,0.8669723067640623,0.9334823594459372,1.096223381482994,1.0633469140430174,1.0309179130590365,0.903080727553396,3.30368,-10.0,0.6907748169824018,10.0,-5.0,1.2260650603855974,2.907714474603378,0.0012034775392716,1.0,1.0,1.0,1,571.4737969917375,0.4,4.5,0.24,0.026,2.33,ms2,True
SMF_20140812_110_cc508p037604_ms2on,channelconductivity_mmhr,508.037603643356,synth,interpolate,2014-08-12 16:00,2014-08-13 12:00,66.0736,66.2912,0.2176000000000044,0.3293297171638967,2014-08-12 18:45:00,2014-08-12 18:45:00,0.0,138164.11,140307.96,1.5516692431920316,3.14915969922116,0.877434968565562,1.5516692431920274,0.9220706293062452,0.94290487957308,1.0507185005312,1.0155166924319203,1.03466393842821,0.9314273440214974,3.30368,-5.0,0.8027733028813803,5.0,-10.0,1.197089276818653,3.259473567954214,0.0012527748426697,1.0,1.0,1.0,1,508.037603643356,0.4,4.5,0.24,0.026,2.33,ms2,True
SMF_20140812_110_cc312p711584_ms2on,channelconductivity_mmhr,312.71158402191827,synth,interpolate,2014-08-12 16:00,2014-08-13 12:00,66.0736,80.5449,14.4713,21.90178830879504,2014-08-12 18:45:00,2014-08-12 18:45:00,0.0,138164.11,195748.0,41.67789305051798,6.047315995287141,0.5480373603800082,41.677893050517966,0.4223620190796364,0.8933437966261152,1.385467786423952,1.4167789305051797,0.9778997672769858,0.5692232098666593,3.30368,-15.0,0.7031686514814739,15.0,5.0,1.2286200273361876,1.7987811175818378,0.0008704570094129,1.0,1.0,1.0,1,312.71158402191827,0.4,4.5,0.24,0.026,2.33,ms2,True
SMF_20140812_110_cc289p420609_ms2on,channelconductivity_mmhr,289.4206089875982,synth,interpolate,2014-08-12 16:00,2014-08-13 12:00,66.0736,73.7978,7.724199999999996,11.690296881053849,2014-08-12 18:45:00,2014-08-12 18:45:00,0.0,138164.11,169605.53,22.756575495618957,4.499345590340731,0.7498065618062828,22.75657549561894,0.6714214483916311,0.918930627684686,1.2227228066918028,1.2275657549561894,0.9960548359671704,0.7583929217187018,3.30368,-10.0,0.7487038377617814,10.0,0.0,1.2257091692429132,2.567726298406493,0.0011062165556992,1.0,1.0,1.0,1,289.4206089875982,0.4,4.5,0.24,0.026,2.33,ms2,True
SMF_20140812_110_cc895p178146_ms2on,channelconductivity_mmhr,895.1781455515171,synth,interpolate,2014-08-12 16:00,2014-08-13 12:00,66.0736,73.1531,7.079499999999996,10.7145667861294,2014-08-12 18:45:00,2014-08-12 18:45:00,0.0,138164.11,162546.84000000003,17.6476582811557,4.742179037183792,0.7220714870681941,17.647658281155646,0.7093624335302444,0.9039588712141072,1.2100055055091388,1.1764765828115569,1.0284994390771929,0.7970711929591382,3.30368,-10.0,0.7418566090254695,10.0,-5.0,1.373113386885901,1.9725192968947785,0.0005561449139163,1.0,1.0,1.0,1,895.1781455515171,0.4,4.5,0.24,0.026,2.33,ms2,True
SMF_20140812_110_cc81p645073_ms2on,channelconductivity_mmhr,81.64507336438058,synth,interpolate,2014-08-12 16:00,2014-08-13 12:00,66.0736,59.9333,-6.140299999999996,-9.293121609841142,2014-08-12 18:45:00,2014-08-12 18:45:00,0.0,138164.11,128376.86,-7.083786085981364,2.077993445695872,0.946633888690214,-7.083786085981371,0.8970603321083632,0.9740667566349072,0.9299568734063576,0.9291621391401864,1.0008553235573143,0.9245595120574162,3.30368,-5.0,0.721742133811864,5.0,-5.0,1.0378269515446874,4.406989849906383,0.0009034057955969,1.0,1.0,1.0,1,81.64507336438058,0.4,4.5,0.24,0.026,2.33,ms2,True
SMF_20140812_110_cc169p539319_ms2on,channelconductivity_mmhr,169.53931937106353,synth,interpolate,2014-08-12 16:00,2014-08-13 12:00,66.0736,83.6102,17.536600000000007,26.54100881441303,2014-08-12 18:45:00,2014-08-12 18:45:00,0.0,138164.11,212313.38,53.66753348608406,6.843377147521059,0.4212138084793643,53.66753348608405,0.2775028101218081,0.8823703658401559,1.46919616739836,1.5366753348608406,0.9560875573833614,0.4488326492823312,3.30368,-15.0,0.731073737229552,15.0,10.0,1.205454673757962,1.5719439219876026,0.0006172731320955,1.0,1.0,1.0,1,169.53931937106353,0.4,4.5,0.24,0.026,2.33,ms2,True
SMF_20140812_110_cc464p179525_ms2on,channelconductivity_mmhr,464.1795248000454,synth,interpolate,2014-08-12 16:00,2014-08-13 12:00,66.0736,75.7563,9.682699999999995,14.654415681906231,2014-08-12 18:45:00,2014-08-12 18:45:00,0.0,138164.11,176057.03,27.42602257561679,5.110487745108088,0.6772234960839991,27.426022575616777,0.6005021150136616,0.904183880146598,1.2742246521612748,1.2742602257561677,0.9999720829433628,0.7094842499365179,3.30368,-10.0,0.7695046714519735,10.0,0.0,1.3225595559361132,2.132193256004033,0.0007372749460233,1.0,1.0,1.0,1,464.1795248000454,0.4,4.5,0.24,0.026,2.33,ms2,True
SMF_20140812_110_cc71p263864_ms2on,channelconductivity_mmhr,71.26386365478689,synth,interpolate,2014-08-12 16:00,2014-08-13 12:00,66.0736,74.8847,8.811099999999996,13.335280656722196,2014-08-12 18:45:00,2014-08-12 18:45:00,0.0,138164.11,177100.05,28.18093642408293,4.640323025668036,0.7338823749140173,28.18093642408293,0.6156809170870909,0.9196297669853114,1.2486468687966203,1.2818093642408293,0.9741283716835304,0.705814287769781,3.30368,-10.0,0.7602475835559452,10.0,5.0,1.1829795220079358,2.6485349012197457,0.0006412491989167,1.0,1.0,1.0,1,71.26386365478689,0.4,4.5,0.24,0.026,2.33,ms2,True
SMF_20140812_110_cc111p663448_ms2on,channelconductivity_mmhr,111.66344753816792,synth,interpolate,2014-08-12 16:00,2014-08-13 12:00,66.0736,60.5113,-5.5623000000000005,-8.418339548624566,2014-08-12 18:45:00,2014-08-12 18:45:00,0.0,138164.11,128986.17,-6.642781544353286,2.1601820798660176,0.9423289406553538,-6.642781544353303,0.905778085141802,0.9713571940143596,0.939628614060845,0.9335721845564672,1.006487371415479,0.927369765336924,3.30368,-5.0,0.72910871959053,5.0,-5.0,1.0688553233359357,4.289036451551099,0.0008483050858679,1.0,1.0,1.0,1,111.66344753816792,0.4,4.5,0.24,0.026,2.33,ms2,True
SMF_20140812_110_cc159p180424_ms2on,channelconductivity_mmhr,159.1804241142503,synth,interpolate,2014-08-12 16:00,2014-08-13 12:00,66.0736,59.0441,-7.029499999999999,-10.63889359744285,2014-08-12 18:45:00,2014-08-12 18:45:00,0.0,138164.11,124486.57,-9.89948836930226,2.142681024407489,0.9432596176551984,-9.899488369302276,0.865468363296231,0.9733205854320464,0.912896710078717,0.9010051163069774,1.0131981423373937,0.8966270387371925,3.30368,-5.0,0.7104093170741655,5.0,-5.0,1.0766407352424576,4.322945788776917,0.0003999713393273,1.0,1.0,1.0,1,159.1804241142503,0.4,4.5,0.24,0.026,2.33,ms2,True
SMF_20140812_110_cc659p124646_ms2on,channelconductivity_mmhr,659.1246464339386,synth,interpolate,2014-08-12 16:00,2014-08-13 12:00,66.0736,61.493,-4.580599999999997,-6.932572161952727,2014-08-12 18:45:00,2014-08-12 18:45:00,0.0,138164.11,121793.23,-11.84886581616599,2.481277801598296,0.92390992864874,-11.848865816166004,0.8603379948279605,0.9618619929412812,0.9366643386920668,0.88151134183834,1.0625664063932616,0.860685159066493,3.30368,-5.0,0.741620444951977,5.0,-10.0,1.2309642424968854,3.74161299006976,0.0013183488161251,1.0,1.0,1.0,1,659.1246464339386,0.4,4.5,0.24,0.026,2.33,ms2,True
SMF_20140812_110_cc86p521873_ms2on,channelconductivity_mmhr,86.52187298203252,synth,interpolate,2014-08-12 16:00,2014-08-13 12:00,66.0736,64.6585,-1.4150999999999954,-2.1417025862068897,2014-08-12 18:45:00,2014-08-12 18:45:00,0.0,138164.11,141407.97,2.3478311408078523,2.7514470143240177,0.9064379952965576,2.347831140807844,0.9445410048970798,0.9544182902048928,1.02113709448826,1.0234783114080783,0.9977124899534046,0.9486759697935424,3.30368,-10.0,0.6516371748336359,10.0,0.0,1.107706275690168,3.819373918951509,0.0003615826389087,1.0,1.0,1.0,1,86.52187298203252,0.4,4.5,0.24,0.026,2.33,ms2,True
SMF_20140812_110_cc267p973947_ms2on,channelconductivity_mmhr,267.97394682418513,synth,interpolate,2014-08-12 16:00,2014-08-13 12:00,66.0736,65.4416,-0.632000000000005,-0.9565091049980704,2014-08-12 18:45:00,2014-08-12 18:45:00,0.0,138164.11,139092.41999999998,0.6718893929834584,2.805625420016225,0.902717082521241,0.6718893929834594,0.945076729260436,0.9530427761206764,1.027684675519828,1.0067188939298346,1.0208258548800562,0.9481942026257828,3.30368,-5.0,0.7919451864842267,5.0,-5.0,1.2095564349379584,3.635013255100112,0.0007853317831638,1.0,1.0,1.0,1,267.97394682418513,0.4,4.5,0.24,0.026,2.33,ms2,True
SMF_20140812_110_cc244p990105_ms2on,channelconductivity_mmhr,244.99010472876623,synth,interpolate,2014-08-12 16:00,2014-08-13 12:00,66.0736,74.339,8.2654,12.509383475397131,2014-08-12 18:45:00,2014-08-12 18:45:00,0.0,138164.11,172102.19999999998,24.56360772707181,4.6163491303838935,0.736625026861457,24.56360772707181,0.6498628653023297,0.9169017240683276,1.2352734731637462,1.245636077270718,0.9916808734942256,0.7405551816173975,3.30368,-10.0,0.754451813862436,10.0,0.0,1.215117699815636,2.481583219956103,0.0003133813747182,1.0,1.0,1.0,1,244.99010472876623,0.4,4.5,0.24,0.026,2.33,ms2,True
SMF_20140812_110_cc59p420593_ms2on,channelconductivity_mmhr,59.42059320737656,synth,interpolate,2014-08-12 16:00,2014-08-13 12:00,66.0736,65.8204,-0.2531999999999925,-0.3832090275087063,2014-08-12 18:45:00,2014-08-12 18:45:00,0.0,138164.11,145330.54,5.186896944510425,2.8191067941942864,0.9017799236409054,5.186896944510412,0.9170937016827972,0.9540793131016728,1.0455450856201811,1.0518689694451044,0.9939879547656404,0.9304640800419572,3.30368,-10.0,0.6639774805087109,10.0,0.0,1.1095953811330677,3.79023821787484,0.0006022624231933,1.0,1.0,1.0,1,59.42059320737656,0.4,4.5,0.24,0.026,2.33,ms2,True
SMF_20140812_110_cc51p126414_ms2on,channelconductivity_mmhr,51.12641434589747,synth,interpolate,2014-08-12 16:00,2014-08-13 12:00,66.0736,69.8049,3.731300000000005,5.647187378922905,2014-08-12 18:45:00,2014-08-12 18:45:00,0.0,138164.11,157462.72,13.967889345503703,3.3546046126888767,0.8609215344245502,13.967889345503687,0.8061420900050364,0.9451631888288932,1.1227339404214507,1.139678893455037,0.9851318181543082,0.8492076528213857,3.30368,-10.0,0.7062960517819151,10.0,5.0,1.161211065355536,3.483490699734125,0.0013917089785088,1.0,1.0,1.0,1,51.12641434589747,0.4,4.5,0.24,0.026,2.33,ms2,True
SMF_20140812_110_cc64p885684_ms2on,channelconductivity_mmhr,64.88568359147084,synth,interpolate,2014-08-12 16:00,2014-08-13 12:00,66.0736,74.1846,8.111000000000004,12.275704668733056,2014-08-12 18:45:00,2014-08-12 18:45:00,0.0,138164.11,173767.08000000002,25.76860951805793,4.403087309018424,0.7603972461247968,25.768609518057907,0.6474182344188039,0.9249913126041686,1.228660172715087,1.2576860951805793,0.9769211708893668,0.7306283994416303,3.30368,-10.0,0.7528119625876004,10.0,5.0,1.1784280303552923,2.823336050186352,0.0011864646690643,1.0,1.0,1.0,1,64.88568359147084,0.4,4.5,0.24,0.026,2.33,ms2,True
SMF_20140812_110_cc145p56188_ms2on,channelconductivity_mmhr,145.56188018294614,synth,interpolate,2014-08-12 16:00,2014-08-13 12:00,66.0736,81.1351,15.061499999999995,22.795034628051138,2014-08-12 18:45:00,2014-08-12 18:45:00,0.0,138164.11,199966.68,44.73127645088148,6.109906466415034,0.5386332050180236,44.731276450881495,0.3915814508318924,0.8951879025621347,1.3988719668138914,1.4473127645088146,0.9665305254794992,0.5393542675911115,3.30368,-15.0,0.708541561672488,15.0,10.0,1.2146760664301504,1.889303215263848,0.0004728193800956,1.0,1.0,1.0,1,145.56188018294614,0.4,4.5,0.24,0.026,2.33,ms2,True
SMF_20140812_110_cc35p690293_ms2on,channelconductivity_mmhr,35.690292702845255,synth,interpolate,2014-08-12 16:00,2014-08-13 12:00,66.0736,76.7889,10.7153,16.217218374660984,2014-08-12 18:45:00,2014-08-12 18:45:00,0.0,138164.11,185845.9,34.510981180279025,5.091484903719096,0.6796194579923451,34.51098118027901,0.5375784551043259,0.9119546555653628,1.294925279188697,1.3451098118027902,0.9626911259038152,0.6418872845520616,3.30368,-10.0,0.7804717078923579,10.0,5.0,1.1582474025385807,2.441381558599629,0.000386844467916,1.0,1.0,1.0,1,35.690292702845255,0.4,4.5,0.24,0.026,2.33,ms2,True
SMF_20140812_110_cc30p549048_ms2on,channelconductivity_mmhr,30.549047714624333,synth,interpolate,2014-08-12 16:00,2014-08-13 12:00,66.0736,63.3489,-2.7246999999999986,-4.123734744285159,2014-08-12 18:45:00,2014-08-12 18:45:00,0.0,138164.11,140616.37,1.7748892965039975,2.6099661835123302,0.9158126243369876,1.7748892965039924,0.9541903157557896,0.958175012373772,1.0058458856587935,1.01774889296504,0.988304573565716,0.9530837363923944,3.30368,-5.0,0.765273812679704,5.0,-5.0,1.074749226414131,4.050368113487551,0.000577274180708,1.0,1.0,1.0,1,30.549047714624333,0.4,4.5,0.24,0.026,2.33,ms2,True
SMF_20140812_110_cc714p500635_ms2on,channelconductivity_mmhr,714.5006345899874,synth,interpolate,2014-08-12 16:00,2014-08-13 12:00,66.0736,72.4632,6.3896000000000015,9.670428128632317,2014-08-12 18:45:00,2014-08-12 18:45:00,0.0,138164.11,161914.77000000002,17.190180575838426,4.531885905798156,0.7461745609320838,17.190180575838397,0.7237599634593723,0.9107303935004258,1.1969499030728,1.171901805758384,1.0213738874633838,0.805125331218038,3.30368,-10.0,0.7345293202009285,10.0,-5.0,1.291565200270734,2.222170709941367,0.0009590762781413,1.0,1.0,1.0,1,714.5006345899874,0.4,4.5,0.24,0.026,2.33,ms2,True
SMF_20140812_110_cc119p595766_ms2on,channelconductivity_mmhr,119.59576581079963,synth,interpolate,2014-08-12 16:00,2014-08-13 12:00,66.0736,73.8899,7.816299999999998,11.829686894614488,2014-08-12 18:45:00,2014-08-12 18:45:00,0.0,138164.11,172320.06999999998,24.7212970141088,4.458297556816679,0.7543508234050558,24.7212970141088,0.6555537327284596,0.9219719995452692,1.2268052238736038,1.247212970141088,0.9836373203646402,0.7402494297488622,3.30368,-10.0,0.7496820132955403,10.0,0.0,1.1614262850706585,2.69465605606611,0.0005230214388205,1.0,1.0,1.0,1,119.59576581079963,0.4,4.5,0.24,0.026,2.33,ms2,True
SMF_20140812_110_cc880p200578_ms2on,channelconductivity_mmhr,880.2005784447118,synth,interpolate,2014-08-12 16:00,2014-08-13 12:00,66.0736,64.3517,-1.721900000000005,-2.6060332719876094,2014-08-12 18:45:00,2014-08-12 18:45:00,0.0,138164.11,130362.97,-5.646285421011278,3.1095863182756034,0.8804959993320602,-5.646285421011291,0.91792184833804,0.9405091640862576,1.003099922091832,0.9435371457898872,1.063127113296723,0.8965000198239362,3.30368,-5.0,0.7780544566569464,5.0,-10.0,1.3717158333735822,2.984152447662123,0.0006809103758378,1.0,1.0,1.0,1,880.2005784447118,0.4,4.5,0.24,0.026,2.33,ms2,True
SMF_20140812_110_cc49p816317_ms2on,channelconductivity_mmhr,49.81631749309594,synth,interpolate,2014-08-12 16:00,2014-08-13 12:00,66.0736,68.7,2.626400000000004,3.974961255327399,2014-08-12 18:45:00,2014-08-12 18:45:00,0.0,138164.11,154925.33000000002,12.131384916097264,3.319149156738059,0.8638458919323517,12.13138491609724,0.8296912105247478,0.9437497473322192,1.1054701040536388,1.1213138491609724,0.985870374187219,0.8655351821142439,3.30368,-10.0,0.6945611316163326,10.0,5.0,1.1676770264584038,3.4113454674525445,0.0003540237225389,1.0,1.0,1.0,1,49.81631749309594,0.4,4.5,0.24,0.026,2.33,ms2,True
